tempo,porta_origem,porta_destino,cwnd,srtt,retrans,ssthresh,packets_out,ca_name,ca_state
2026-07-13 02:11:37.787837,46150,5202,99,1007649,0,,1,cubic,0
2026-07-13 02:11:37.787837,47702,5202,7,101,14170,7.0,1,cubic,0
2026-07-13 02:11:37.787837,46300,5202,133,200202,0,,1,cubic,0
2026-07-13 02:11:37.787837,47560,5202,133,205685,0,,1,cubic,0
2026-07-13 02:11:37.787837,45766,5202,66,27,68,48.0,1,cubic,0
2026-07-13 02:11:37.787837,47804,5202,10,101,0,,2,cubic,0
2026-07-13 02:11:37.787837,47182,5202,10,51,0,,2,cubic,0
2026-07-13 02:11:37.787837,46270,5202,98,400086,0,,1,cubic,0
2026-07-13 02:11:37.787837,44646,5202,69,38,26,51.0,1,cubic,0
2026-07-13 02:11:37.787837,45118,5202,10,58,0,,2,cubic,0
2026-07-13 02:11:37.787837,47556,5202,10,200530,0,,2,cubic,0
2026-07-13 02:11:37.787837,47814,5202,66,36,21,49.0,1,cubic,0
2026-07-13 02:11:37.787837,45542,5202,10,433,0,,2,cubic,0
2026-07-13 02:11:37.787837,44634,5202,10,123,0,,2,cubic,0
2026-07-13 02:11:37.787837,45750,5202,10,44,0,,2,cubic,0
2026-07-13 02:11:37.787837,47198,5202,55,69,50,52.0,1,cubic,0
2026-07-13 02:11:37.787837,48256,5202,10,51,0,,2,cubic,0
2026-07-13 02:11:37.787837,45128,5202,2,31,14899,4.0,4,cubic,3
2026-07-13 02:11:37.787837,46260,5202,10,400419,0,,2,cubic,0
2026-07-13 02:11:37.787837,47696,5202,10,625,1,,2,cubic,0
2026-07-13 02:11:37.787837,46144,5202,10,1000272,0,,2,cubic,0
2026-07-13 02:11:37.787837,45556,5202,86,44,21,64.0,1,cubic,0
2026-07-13 02:11:37.787837,48258,5202,92,47,16,69.0,1,cubic,0
2026-07-13 02:11:37.787837,46296,5202,10,200407,0,,2,cubic,0
2026-07-13 02:11:38.850721,46150,5202,99,1007649,0,,1,cubic,0
2026-07-13 02:11:38.850721,47702,5202,7,101,14170,7.0,1,cubic,0
2026-07-13 02:11:38.850721,46300,5202,133,200202,0,,1,cubic,0
2026-07-13 02:11:38.850721,47560,5202,133,205685,0,,1,cubic,0
2026-07-13 02:11:38.850721,45766,5202,66,27,68,48.0,1,cubic,0
2026-07-13 02:11:38.850721,47804,5202,10,101,0,,2,cubic,0
2026-07-13 02:11:38.850721,47182,5202,10,51,0,,2,cubic,0
2026-07-13 02:11:38.850721,46270,5202,98,400086,0,,1,cubic,0
2026-07-13 02:11:38.850721,44646,5202,69,38,26,51.0,1,cubic,0
2026-07-13 02:11:38.850721,45118,5202,10,58,0,,2,cubic,0
2026-07-13 02:11:38.850721,47556,5202,10,200530,0,,2,cubic,0
2026-07-13 02:11:38.850721,47814,5202,66,36,21,49.0,1,cubic,0
2026-07-13 02:11:38.850721,45542,5202,10,433,0,,2,cubic,0
2026-07-13 02:11:38.850721,44634,5202,10,123,0,,2,cubic,0
2026-07-13 02:11:38.850721,45750,5202,10,44,0,,2,cubic,0
2026-07-13 02:11:38.850721,47198,5202,55,69,50,52.0,1,cubic,0
2026-07-13 02:11:38.850721,48256,5202,10,51,0,,2,cubic,0
2026-07-13 02:11:38.850721,45128,5202,2,31,14899,4.0,4,cubic,3
2026-07-13 02:11:38.850721,46260,5202,10,400419,0,,2,cubic,0
2026-07-13 02:11:38.850721,47696,5202,10,625,1,,2,cubic,0
2026-07-13 02:11:38.850721,46144,5202,10,1000272,0,,2,cubic,0
2026-07-13 02:11:38.850721,45556,5202,86,44,21,64.0,1,cubic,0
2026-07-13 02:11:38.850721,48258,5202,92,47,16,69.0,1,cubic,0
2026-07-13 02:11:38.850721,46296,5202,10,200407,0,,2,cubic,0
2026-07-13 02:11:39.883384,46150,5202,99,1007649,0,,1,cubic,0
2026-07-13 02:11:39.883384,47702,5202,7,101,14170,7.0,1,cubic,0
2026-07-13 02:11:39.883384,46300,5202,133,200202,0,,1,cubic,0
2026-07-13 02:11:39.883384,47560,5202,133,205685,0,,1,cubic,0
2026-07-13 02:11:39.883384,45766,5202,66,27,68,48.0,1,cubic,0
2026-07-13 02:11:39.883384,47804,5202,10,101,0,,2,cubic,0
2026-07-13 02:11:39.883384,47182,5202,10,51,0,,2,cubic,0
2026-07-13 02:11:39.883384,46270,5202,98,400086,0,,1,cubic,0
2026-07-13 02:11:39.883384,44646,5202,69,38,26,51.0,1,cubic,0
2026-07-13 02:11:39.883384,45118,5202,10,58,0,,2,cubic,0
2026-07-13 02:11:39.883384,47556,5202,10,200530,0,,2,cubic,0
2026-07-13 02:11:39.883384,47814,5202,66,36,21,49.0,1,cubic,0
2026-07-13 02:11:39.883384,45542,5202,10,433,0,,2,cubic,0
2026-07-13 02:11:39.883384,47562,5202,10,38,0,,0,cubic,0
2026-07-13 02:11:39.883384,44634,5202,10,123,0,,2,cubic,0
2026-07-13 02:11:39.883384,45750,5202,10,44,0,,2,cubic,0
2026-07-13 02:11:39.883384,47198,5202,55,69,50,52.0,1,cubic,0
2026-07-13 02:11:39.883384,48256,5202,10,51,0,,2,cubic,0
2026-07-13 02:11:39.883384,45128,5202,2,31,14899,4.0,4,cubic,3
2026-07-13 02:11:39.883384,46260,5202,10,400419,0,,2,cubic,0
2026-07-13 02:11:39.883384,47696,5202,10,625,1,,2,cubic,0
2026-07-13 02:11:39.883384,46144,5202,10,1000272,0,,2,cubic,0
2026-07-13 02:11:39.883384,45556,5202,86,44,21,64.0,1,cubic,0
2026-07-13 02:11:39.883384,48258,5202,92,47,16,69.0,1,cubic,0
2026-07-13 02:11:39.883384,47574,5202,31,31,0,23.0,5,cubic,0
2026-07-13 02:11:39.883384,46296,5202,10,200407,0,,2,cubic,0
2026-07-13 02:11:40.921978,46150,5202,99,1007649,0,,1,cubic,0
2026-07-13 02:11:40.921978,47702,5202,7,101,14170,7.0,1,cubic,0
2026-07-13 02:11:40.921978,46300,5202,133,200202,0,,1,cubic,0
2026-07-13 02:11:40.921978,47560,5202,133,205685,0,,1,cubic,0
2026-07-13 02:11:40.921978,45766,5202,66,27,68,48.0,1,cubic,0
2026-07-13 02:11:40.921978,47804,5202,10,101,0,,2,cubic,0
2026-07-13 02:11:40.921978,47182,5202,10,51,0,,2,cubic,0
2026-07-13 02:11:40.921978,46270,5202,98,400086,0,,1,cubic,0
2026-07-13 02:11:40.921978,44646,5202,69,38,26,51.0,1,cubic,0
2026-07-13 02:11:40.921978,45118,5202,10,58,0,,2,cubic,0
2026-07-13 02:11:40.921978,47556,5202,10,200530,0,,2,cubic,0
2026-07-13 02:11:40.921978,47814,5202,66,36,21,49.0,1,cubic,0
2026-07-13 02:11:40.921978,45542,5202,10,433,0,,2,cubic,0
2026-07-13 02:11:40.921978,47562,5202,10,38,0,,0,cubic,0
2026-07-13 02:11:40.921978,44634,5202,10,123,0,,2,cubic,0
2026-07-13 02:11:40.921978,45750,5202,10,44,0,,2,cubic,0
2026-07-13 02:11:40.921978,47198,5202,55,69,50,52.0,1,cubic,0
2026-07-13 02:11:40.921978,48256,5202,10,51,0,,2,cubic,0
2026-07-13 02:11:40.921978,45128,5202,2,31,14899,4.0,4,cubic,3
2026-07-13 02:11:40.921978,46260,5202,10,400419,0,,2,cubic,0
2026-07-13 02:11:40.921978,47696,5202,10,625,1,,2,cubic,0
2026-07-13 02:11:40.921978,46144,5202,10,1000272,0,,2,cubic,0
2026-07-13 02:11:40.921978,45556,5202,86,44,21,64.0,1,cubic,0
2026-07-13 02:11:40.921978,48258,5202,92,47,16,69.0,1,cubic,0
2026-07-13 02:11:40.921978,47574,5202,52,25,5,39.0,5,cubic,0
2026-07-13 02:11:40.921978,46296,5202,10,200407,0,,2,cubic,0
2026-07-13 02:11:41.954014,46150,5202,99,1007649,0,,1,cubic,0
2026-07-13 02:11:41.954014,47702,5202,7,101,14170,7.0,1,cubic,0
2026-07-13 02:11:41.954014,46300,5202,133,200202,0,,1,cubic,0
2026-07-13 02:11:41.954014,47560,5202,133,205685,0,,1,cubic,0
2026-07-13 02:11:41.954014,45766,5202,66,27,68,48.0,1,cubic,0
2026-07-13 02:11:41.954014,47804,5202,10,101,0,,2,cubic,0
2026-07-13 02:11:41.954014,47182,5202,10,51,0,,2,cubic,0
2026-07-13 02:11:41.954014,46270,5202,98,400086,0,,1,cubic,0
2026-07-13 02:11:41.954014,44646,5202,69,38,26,51.0,1,cubic,0
2026-07-13 02:11:41.954014,45118,5202,10,58,0,,2,cubic,0
2026-07-13 02:11:41.954014,47556,5202,10,200530,0,,2,cubic,0
2026-07-13 02:11:41.954014,47814,5202,66,36,21,49.0,1,cubic,0
2026-07-13 02:11:41.954014,45542,5202,10,433,0,,2,cubic,0
2026-07-13 02:11:41.954014,47562,5202,10,38,0,,0,cubic,0
2026-07-13 02:11:41.954014,44634,5202,10,123,0,,2,cubic,0
2026-07-13 02:11:41.954014,45750,5202,10,44,0,,2,cubic,0
2026-07-13 02:11:41.954014,47198,5202,55,69,50,52.0,1,cubic,0
2026-07-13 02:11:41.954014,48256,5202,10,51,0,,2,cubic,0
2026-07-13 02:11:41.954014,45128,5202,2,31,14899,4.0,4,cubic,3
2026-07-13 02:11:41.954014,46260,5202,10,400419,0,,2,cubic,0
2026-07-13 02:11:41.954014,47696,5202,10,625,1,,2,cubic,0
2026-07-13 02:11:41.954014,46144,5202,10,1000272,0,,2,cubic,0
2026-07-13 02:11:41.954014,45556,5202,86,44,21,64.0,1,cubic,0
2026-07-13 02:11:41.954014,48258,5202,92,47,16,69.0,1,cubic,0
2026-07-13 02:11:41.954014,47574,5202,52,22,5,39.0,5,cubic,0
2026-07-13 02:11:41.954014,46296,5202,10,200407,0,,2,cubic,0
2026-07-13 02:11:42.989108,46150,5202,99,1007649,0,,1,cubic,0
2026-07-13 02:11:42.989108,47702,5202,7,101,14170,7.0,1,cubic,0
2026-07-13 02:11:42.989108,46300,5202,133,200202,0,,1,cubic,0
2026-07-13 02:11:42.989108,47560,5202,133,205685,0,,1,cubic,0
2026-07-13 02:11:42.989108,45766,5202,66,27,68,48.0,1,cubic,0
2026-07-13 02:11:42.989108,47804,5202,10,101,0,,2,cubic,0
2026-07-13 02:11:42.989108,47182,5202,10,51,0,,2,cubic,0
2026-07-13 02:11:42.989108,46270,5202,98,400086,0,,1,cubic,0
2026-07-13 02:11:42.989108,44646,5202,69,38,26,51.0,1,cubic,0
2026-07-13 02:11:42.989108,45118,5202,10,58,0,,2,cubic,0
2026-07-13 02:11:42.989108,47556,5202,10,200530,0,,2,cubic,0
2026-07-13 02:11:42.989108,47814,5202,66,36,21,49.0,1,cubic,0
2026-07-13 02:11:42.989108,45542,5202,10,433,0,,2,cubic,0
2026-07-13 02:11:42.989108,47562,5202,10,38,0,,0,cubic,0
2026-07-13 02:11:42.989108,44634,5202,10,123,0,,2,cubic,0
2026-07-13 02:11:42.989108,45750,5202,10,44,0,,2,cubic,0
2026-07-13 02:11:42.989108,47198,5202,55,69,50,52.0,1,cubic,0
2026-07-13 02:11:42.989108,48256,5202,10,51,0,,2,cubic,0
2026-07-13 02:11:42.989108,45128,5202,2,31,14899,4.0,4,cubic,3
2026-07-13 02:11:42.989108,46260,5202,10,400419,0,,2,cubic,0
2026-07-13 02:11:42.989108,47696,5202,10,625,1,,2,cubic,0
2026-07-13 02:11:42.989108,46144,5202,10,1000272,0,,2,cubic,0
2026-07-13 02:11:42.989108,45556,5202,86,44,21,64.0,1,cubic,0
2026-07-13 02:11:42.989108,48258,5202,92,47,16,69.0,1,cubic,0
2026-07-13 02:11:42.989108,47574,5202,56,41,14,42.0,3,cubic,0
2026-07-13 02:11:42.989108,46296,5202,10,200407,0,,2,cubic,0
2026-07-13 02:11:44.031117,46150,5202,99,1007649,0,,1,cubic,0
2026-07-13 02:11:44.031117,47702,5202,7,101,14170,7.0,1,cubic,0
2026-07-13 02:11:44.031117,46300,5202,133,200202,0,,1,cubic,0
2026-07-13 02:11:44.031117,47560,5202,133,205685,0,,1,cubic,0
2026-07-13 02:11:44.031117,45766,5202,66,27,68,48.0,1,cubic,0
2026-07-13 02:11:44.031117,47804,5202,10,101,0,,2,cubic,0
2026-07-13 02:11:44.031117,47182,5202,10,51,0,,2,cubic,0
2026-07-13 02:11:44.031117,46270,5202,98,400086,0,,1,cubic,0
2026-07-13 02:11:44.031117,44646,5202,69,38,26,51.0,1,cubic,0
2026-07-13 02:11:44.031117,45118,5202,10,58,0,,2,cubic,0
2026-07-13 02:11:44.031117,47556,5202,10,200530,0,,2,cubic,0
2026-07-13 02:11:44.031117,47814,5202,66,36,21,49.0,1,cubic,0
2026-07-13 02:11:44.031117,45542,5202,10,433,0,,2,cubic,0
2026-07-13 02:11:44.031117,47562,5202,10,38,0,,0,cubic,0
2026-07-13 02:11:44.031117,44634,5202,10,123,0,,2,cubic,0
2026-07-13 02:11:44.031117,45750,5202,10,44,0,,2,cubic,0
2026-07-13 02:11:44.031117,47198,5202,55,69,50,52.0,1,cubic,0
2026-07-13 02:11:44.031117,48256,5202,10,51,0,,2,cubic,0
2026-07-13 02:11:44.031117,45128,5202,2,31,14899,4.0,4,cubic,3
2026-07-13 02:11:44.031117,46260,5202,10,400419,0,,2,cubic,0
2026-07-13 02:11:44.031117,47696,5202,10,625,1,,2,cubic,0
2026-07-13 02:11:44.031117,46144,5202,10,1000272,0,,2,cubic,0
2026-07-13 02:11:44.031117,45556,5202,86,44,21,64.0,1,cubic,0
2026-07-13 02:11:44.031117,48258,5202,92,47,16,69.0,1,cubic,0
2026-07-13 02:11:44.031117,47574,5202,61,35,15,42.0,5,cubic,0
2026-07-13 02:11:44.031117,46296,5202,10,200407,0,,2,cubic,0
2026-07-13 02:11:45.057578,46150,5202,99,1007649,0,,1,cubic,0
2026-07-13 02:11:45.057578,47702,5202,7,101,14170,7.0,1,cubic,0
2026-07-13 02:11:45.057578,46300,5202,133,200202,0,,1,cubic,0
2026-07-13 02:11:45.057578,47560,5202,133,205685,0,,1,cubic,0
2026-07-13 02:11:45.057578,45766,5202,66,27,68,48.0,1,cubic,0
2026-07-13 02:11:45.057578,47804,5202,10,101,0,,2,cubic,0
2026-07-13 02:11:45.057578,47182,5202,10,51,0,,2,cubic,0
2026-07-13 02:11:45.057578,46270,5202,98,400086,0,,1,cubic,0
2026-07-13 02:11:45.057578,44646,5202,69,38,26,51.0,1,cubic,0
2026-07-13 02:11:45.057578,45118,5202,10,58,0,,2,cubic,0
2026-07-13 02:11:45.057578,47556,5202,10,200530,0,,2,cubic,0
2026-07-13 02:11:45.057578,47814,5202,66,36,21,49.0,1,cubic,0
2026-07-13 02:11:45.057578,45542,5202,10,433,0,,2,cubic,0
2026-07-13 02:11:45.057578,47562,5202,10,38,0,,0,cubic,0
2026-07-13 02:11:45.057578,44634,5202,10,123,0,,2,cubic,0
2026-07-13 02:11:45.057578,45750,5202,10,44,0,,2,cubic,0
2026-07-13 02:11:45.057578,47198,5202,55,69,50,52.0,1,cubic,0
2026-07-13 02:11:45.057578,48256,5202,10,51,0,,2,cubic,0
2026-07-13 02:11:45.057578,45128,5202,2,31,14899,4.0,4,cubic,3
2026-07-13 02:11:45.057578,46260,5202,10,400419,0,,2,cubic,0
2026-07-13 02:11:45.057578,47696,5202,10,625,1,,2,cubic,0
2026-07-13 02:11:45.057578,46144,5202,10,1000272,0,,2,cubic,0
2026-07-13 02:11:45.057578,45556,5202,86,44,21,64.0,1,cubic,0
2026-07-13 02:11:45.057578,48258,5202,92,47,16,69.0,1,cubic,0
2026-07-13 02:11:45.057578,47574,5202,61,30,17,45.0,6,cubic,0
2026-07-13 02:11:45.057578,46296,5202,10,200407,0,,2,cubic,0
2026-07-13 02:11:46.087120,46150,5202,99,1007649,0,,1,cubic,0
2026-07-13 02:11:46.087120,47702,5202,7,101,14170,7.0,1,cubic,0
2026-07-13 02:11:46.087120,46300,5202,133,200202,0,,1,cubic,0
2026-07-13 02:11:46.087120,47560,5202,133,205685,0,,1,cubic,0
2026-07-13 02:11:46.087120,45766,5202,66,27,68,48.0,1,cubic,0
2026-07-13 02:11:46.087120,47804,5202,10,101,0,,2,cubic,0
2026-07-13 02:11:46.087120,47182,5202,10,51,0,,2,cubic,0
2026-07-13 02:11:46.087120,46270,5202,98,400086,0,,1,cubic,0
2026-07-13 02:11:46.087120,44646,5202,69,38,26,51.0,1,cubic,0
2026-07-13 02:11:46.087120,45118,5202,10,58,0,,2,cubic,0
2026-07-13 02:11:46.087120,47556,5202,10,200530,0,,2,cubic,0
2026-07-13 02:11:46.087120,47814,5202,66,36,21,49.0,1,cubic,0
2026-07-13 02:11:46.087120,45542,5202,10,433,0,,2,cubic,0
2026-07-13 02:11:46.087120,47562,5202,10,38,0,,0,cubic,0
2026-07-13 02:11:46.087120,44634,5202,10,123,0,,2,cubic,0
2026-07-13 02:11:46.087120,45750,5202,10,44,0,,2,cubic,0
2026-07-13 02:11:46.087120,47198,5202,55,69,50,52.0,1,cubic,0
2026-07-13 02:11:46.087120,48256,5202,10,51,0,,2,cubic,0
2026-07-13 02:11:46.087120,45128,5202,2,31,14899,4.0,4,cubic,3
2026-07-13 02:11:46.087120,46260,5202,10,400419,0,,2,cubic,0
2026-07-13 02:11:46.087120,47696,5202,10,625,1,,2,cubic,0
2026-07-13 02:11:46.087120,46144,5202,10,1000272,0,,2,cubic,0
2026-07-13 02:11:46.087120,45556,5202,86,44,21,64.0,1,cubic,0
2026-07-13 02:11:46.087120,48258,5202,92,47,16,69.0,1,cubic,0
2026-07-13 02:11:46.087120,47574,5202,61,25,17,45.0,5,cubic,0
2026-07-13 02:11:46.087120,46296,5202,10,200407,0,,2,cubic,0
2026-07-13 02:11:47.115750,46150,5202,99,1007649,0,,1,cubic,0
2026-07-13 02:11:47.115750,47702,5202,7,101,14170,7.0,1,cubic,0
2026-07-13 02:11:47.115750,46300,5202,133,200202,0,,1,cubic,0
2026-07-13 02:11:47.115750,47560,5202,133,205685,0,,1,cubic,0
2026-07-13 02:11:47.115750,45766,5202,66,27,68,48.0,1,cubic,0
2026-07-13 02:11:47.115750,47804,5202,10,101,0,,2,cubic,0
2026-07-13 02:11:47.115750,47182,5202,10,51,0,,2,cubic,0
2026-07-13 02:11:47.115750,46270,5202,98,400086,0,,1,cubic,0
2026-07-13 02:11:47.115750,44646,5202,69,38,26,51.0,1,cubic,0
2026-07-13 02:11:47.115750,45118,5202,10,58,0,,2,cubic,0
2026-07-13 02:11:47.115750,47556,5202,10,200530,0,,2,cubic,0
2026-07-13 02:11:47.115750,47814,5202,66,36,21,49.0,1,cubic,0
2026-07-13 02:11:47.115750,45542,5202,10,433,0,,2,cubic,0
2026-07-13 02:11:47.115750,47562,5202,10,38,0,,0,cubic,0
2026-07-13 02:11:47.115750,44634,5202,10,123,0,,2,cubic,0
2026-07-13 02:11:47.115750,45750,5202,10,44,0,,2,cubic,0
2026-07-13 02:11:47.115750,47198,5202,55,69,50,52.0,1,cubic,0
2026-07-13 02:11:47.115750,48256,5202,10,51,0,,2,cubic,0
2026-07-13 02:11:47.115750,45128,5202,2,31,14899,4.0,4,cubic,3
2026-07-13 02:11:47.115750,46260,5202,10,400419,0,,2,cubic,0
2026-07-13 02:11:47.115750,47696,5202,10,625,1,,2,cubic,0
2026-07-13 02:11:47.115750,46144,5202,10,1000272,0,,2,cubic,0
2026-07-13 02:11:47.115750,45556,5202,86,44,21,64.0,1,cubic,0
2026-07-13 02:11:47.115750,48258,5202,92,47,16,69.0,1,cubic,0
2026-07-13 02:11:47.115750,47574,5202,61,30,17,45.0,6,cubic,0
2026-07-13 02:11:47.115750,46296,5202,10,200407,0,,2,cubic,0
2026-07-13 02:11:48.146631,46150,5202,99,1007649,0,,1,cubic,0
2026-07-13 02:11:48.146631,47702,5202,7,101,14170,7.0,1,cubic,0
2026-07-13 02:11:48.146631,46300,5202,133,200202,0,,1,cubic,0
2026-07-13 02:11:48.146631,47560,5202,133,205685,0,,1,cubic,0
2026-07-13 02:11:48.146631,45766,5202,66,27,68,48.0,1,cubic,0
2026-07-13 02:11:48.146631,47804,5202,10,101,0,,2,cubic,0
2026-07-13 02:11:48.146631,47182,5202,10,51,0,,2,cubic,0
2026-07-13 02:11:48.146631,46270,5202,98,400086,0,,1,cubic,0
2026-07-13 02:11:48.146631,44646,5202,69,38,26,51.0,1,cubic,0
2026-07-13 02:11:48.146631,45118,5202,10,58,0,,2,cubic,0
2026-07-13 02:11:48.146631,47556,5202,10,200530,0,,2,cubic,0
2026-07-13 02:11:48.146631,47814,5202,66,36,21,49.0,1,cubic,0
2026-07-13 02:11:48.146631,45542,5202,10,433,0,,2,cubic,0
2026-07-13 02:11:48.146631,47562,5202,10,38,0,,0,cubic,0
2026-07-13 02:11:48.146631,44634,5202,10,123,0,,2,cubic,0
2026-07-13 02:11:48.146631,45750,5202,10,44,0,,2,cubic,0
2026-07-13 02:11:48.146631,47198,5202,55,69,50,52.0,1,cubic,0
2026-07-13 02:11:48.146631,48256,5202,10,51,0,,2,cubic,0
2026-07-13 02:11:48.146631,45128,5202,2,31,14899,4.0,4,cubic,3
2026-07-13 02:11:48.146631,46260,5202,10,400419,0,,2,cubic,0
2026-07-13 02:11:48.146631,47696,5202,10,625,1,,2,cubic,0
2026-07-13 02:11:48.146631,46144,5202,10,1000272,0,,2,cubic,0
2026-07-13 02:11:48.146631,45556,5202,86,44,21,64.0,1,cubic,0
2026-07-13 02:11:48.146631,48258,5202,92,47,16,69.0,1,cubic,0
2026-07-13 02:11:48.146631,47574,5202,61,25,17,45.0,9,cubic,0
2026-07-13 02:11:48.146631,46296,5202,10,200407,0,,2,cubic,0
2026-07-13 02:11:49.174258,46150,5202,99,1007649,0,,1,cubic,0
2026-07-13 02:11:49.174258,47702,5202,7,101,14170,7.0,1,cubic,0
2026-07-13 02:11:49.174258,46300,5202,133,200202,0,,1,cubic,0
2026-07-13 02:11:49.174258,47560,5202,133,205685,0,,1,cubic,0
2026-07-13 02:11:49.174258,45766,5202,66,27,68,48.0,1,cubic,0
2026-07-13 02:11:49.174258,47804,5202,10,101,0,,2,cubic,0
2026-07-13 02:11:49.174258,47182,5202,10,51,0,,2,cubic,0
2026-07-13 02:11:49.174258,46270,5202,98,400086,0,,1,cubic,0
2026-07-13 02:11:49.174258,44646,5202,69,38,26,51.0,1,cubic,0
2026-07-13 02:11:49.174258,45118,5202,10,58,0,,2,cubic,0
2026-07-13 02:11:49.174258,47556,5202,10,200530,0,,2,cubic,0
2026-07-13 02:11:49.174258,47814,5202,66,36,21,49.0,1,cubic,0
2026-07-13 02:11:49.174258,45542,5202,10,433,0,,2,cubic,0
2026-07-13 02:11:49.174258,47562,5202,10,38,0,,0,cubic,0
2026-07-13 02:11:49.174258,44634,5202,10,123,0,,2,cubic,0
2026-07-13 02:11:49.174258,45750,5202,10,44,0,,2,cubic,0
2026-07-13 02:11:49.174258,47198,5202,55,69,50,52.0,1,cubic,0
2026-07-13 02:11:49.174258,48256,5202,10,51,0,,2,cubic,0
2026-07-13 02:11:49.174258,45128,5202,2,31,14899,4.0,4,cubic,3
2026-07-13 02:11:49.174258,46260,5202,10,400419,0,,2,cubic,0
2026-07-13 02:11:49.174258,47696,5202,10,625,1,,2,cubic,0
2026-07-13 02:11:49.174258,46144,5202,10,1000272,0,,2,cubic,0
2026-07-13 02:11:49.174258,45556,5202,86,44,21,64.0,1,cubic,0
2026-07-13 02:11:49.174258,48258,5202,92,47,16,69.0,1,cubic,0
2026-07-13 02:11:49.174258,47574,5202,61,29,17,45.0,5,cubic,0
2026-07-13 02:11:49.174258,46296,5202,10,200407,0,,2,cubic,0
2026-07-13 02:11:50.203210,46150,5202,99,1007649,0,,1,cubic,0
2026-07-13 02:11:50.203210,47702,5202,7,101,14170,7.0,1,cubic,0
2026-07-13 02:11:50.203210,46300,5202,133,200202,0,,1,cubic,0
2026-07-13 02:11:50.203210,47560,5202,133,205685,0,,1,cubic,0
2026-07-13 02:11:50.203210,45766,5202,66,27,68,48.0,1,cubic,0
2026-07-13 02:11:50.203210,47804,5202,10,101,0,,2,cubic,0
2026-07-13 02:11:50.203210,47182,5202,10,51,0,,2,cubic,0
2026-07-13 02:11:50.203210,46270,5202,98,400086,0,,1,cubic,0
2026-07-13 02:11:50.203210,44646,5202,69,38,26,51.0,1,cubic,0
2026-07-13 02:11:50.203210,45118,5202,10,58,0,,2,cubic,0
2026-07-13 02:11:50.203210,47556,5202,10,200530,0,,2,cubic,0
2026-07-13 02:11:50.203210,47814,5202,66,36,21,49.0,1,cubic,0
2026-07-13 02:11:50.203210,45542,5202,10,433,0,,2,cubic,0
2026-07-13 02:11:50.203210,47562,5202,10,38,0,,0,cubic,0
2026-07-13 02:11:50.203210,44634,5202,10,123,0,,2,cubic,0
2026-07-13 02:11:50.203210,45750,5202,10,44,0,,2,cubic,0
2026-07-13 02:11:50.203210,47198,5202,55,69,50,52.0,1,cubic,0
2026-07-13 02:11:50.203210,48256,5202,10,51,0,,2,cubic,0
2026-07-13 02:11:50.203210,45128,5202,2,31,14899,4.0,4,cubic,3
2026-07-13 02:11:50.203210,46260,5202,10,400419,0,,2,cubic,0
2026-07-13 02:11:50.203210,47696,5202,10,625,1,,2,cubic,0
2026-07-13 02:11:50.203210,46144,5202,10,1000272,0,,2,cubic,0
2026-07-13 02:11:50.203210,45556,5202,86,44,21,64.0,1,cubic,0
2026-07-13 02:11:50.203210,48258,5202,92,47,16,69.0,1,cubic,0
2026-07-13 02:11:50.203210,47574,5202,65,41,17,45.0,5,cubic,0
2026-07-13 02:11:50.203210,46296,5202,10,200407,0,,2,cubic,0
2026-07-13 02:11:51.235290,46150,5202,99,1007649,0,,1,cubic,0
2026-07-13 02:11:51.235290,47702,5202,7,101,14170,7.0,1,cubic,0
2026-07-13 02:11:51.235290,46300,5202,133,200202,0,,1,cubic,0
2026-07-13 02:11:51.235290,47560,5202,133,205685,0,,1,cubic,0
2026-07-13 02:11:51.235290,45766,5202,66,27,68,48.0,1,cubic,0
2026-07-13 02:11:51.235290,47804,5202,10,101,0,,2,cubic,0
2026-07-13 02:11:51.235290,47182,5202,10,51,0,,2,cubic,0
2026-07-13 02:11:51.235290,46270,5202,98,400086,0,,1,cubic,0
2026-07-13 02:11:51.235290,44646,5202,69,38,26,51.0,1,cubic,0
2026-07-13 02:11:51.235290,45118,5202,10,58,0,,2,cubic,0
2026-07-13 02:11:51.235290,47556,5202,10,200530,0,,2,cubic,0
2026-07-13 02:11:51.235290,47814,5202,66,36,21,49.0,1,cubic,0
2026-07-13 02:11:51.235290,45542,5202,10,433,0,,2,cubic,0
2026-07-13 02:11:51.235290,47562,5202,10,38,0,,0,cubic,0
2026-07-13 02:11:51.235290,44634,5202,10,123,0,,2,cubic,0
2026-07-13 02:11:51.235290,45750,5202,10,44,0,,2,cubic,0
2026-07-13 02:11:51.235290,47198,5202,55,69,50,52.0,1,cubic,0
2026-07-13 02:11:51.235290,48256,5202,10,51,0,,2,cubic,0
2026-07-13 02:11:51.235290,45128,5202,2,31,14899,4.0,4,cubic,3
2026-07-13 02:11:51.235290,46260,5202,10,400419,0,,2,cubic,0
2026-07-13 02:11:51.235290,47696,5202,10,625,1,,2,cubic,0
2026-07-13 02:11:51.235290,46144,5202,10,1000272,0,,2,cubic,0
2026-07-13 02:11:51.235290,45556,5202,86,44,21,64.0,1,cubic,0
2026-07-13 02:11:51.235290,48258,5202,92,47,16,69.0,1,cubic,0
2026-07-13 02:11:51.235290,47574,5202,65,28,19,48.0,6,cubic,0
2026-07-13 02:11:51.235290,46296,5202,10,200407,0,,2,cubic,0
2026-07-13 02:11:52.267070,46150,5202,99,1007649,0,,1,cubic,0
2026-07-13 02:11:52.267070,47702,5202,7,101,14170,7.0,1,cubic,0
2026-07-13 02:11:52.267070,46300,5202,133,200202,0,,1,cubic,0
2026-07-13 02:11:52.267070,47560,5202,133,205685,0,,1,cubic,0
2026-07-13 02:11:52.267070,45766,5202,66,27,68,48.0,1,cubic,0
2026-07-13 02:11:52.267070,47804,5202,10,101,0,,2,cubic,0
2026-07-13 02:11:52.267070,47182,5202,10,51,0,,2,cubic,0
2026-07-13 02:11:52.267070,46270,5202,98,400086,0,,1,cubic,0
2026-07-13 02:11:52.267070,44646,5202,69,38,26,51.0,1,cubic,0
2026-07-13 02:11:52.267070,45118,5202,10,58,0,,2,cubic,0
2026-07-13 02:11:52.267070,47556,5202,10,200530,0,,2,cubic,0
2026-07-13 02:11:52.267070,47814,5202,66,36,21,49.0,1,cubic,0
2026-07-13 02:11:52.267070,45542,5202,10,433,0,,2,cubic,0
2026-07-13 02:11:52.267070,47562,5202,10,38,0,,0,cubic,0
2026-07-13 02:11:52.267070,44634,5202,10,123,0,,2,cubic,0
2026-07-13 02:11:52.267070,45750,5202,10,44,0,,2,cubic,0
2026-07-13 02:11:52.267070,47198,5202,55,69,50,52.0,1,cubic,0
2026-07-13 02:11:52.267070,48256,5202,10,51,0,,2,cubic,0
2026-07-13 02:11:52.267070,45128,5202,2,31,14899,4.0,4,cubic,3
2026-07-13 02:11:52.267070,46260,5202,10,400419,0,,2,cubic,0
2026-07-13 02:11:52.267070,47696,5202,10,625,1,,2,cubic,0
2026-07-13 02:11:52.267070,46144,5202,10,1000272,0,,2,cubic,0
2026-07-13 02:11:52.267070,45556,5202,86,44,21,64.0,1,cubic,0
2026-07-13 02:11:52.267070,48258,5202,92,47,16,69.0,1,cubic,0
2026-07-13 02:11:52.267070,47574,5202,65,25,19,48.0,7,cubic,0
2026-07-13 02:11:52.267070,46296,5202,10,200407,0,,2,cubic,0
2026-07-13 02:11:53.297625,46150,5202,99,1007649,0,,1,cubic,0
2026-07-13 02:11:53.297625,47702,5202,7,101,14170,7.0,1,cubic,0
2026-07-13 02:11:53.297625,46300,5202,133,200202,0,,1,cubic,0
2026-07-13 02:11:53.297625,47560,5202,133,205685,0,,1,cubic,0
2026-07-13 02:11:53.297625,45766,5202,66,27,68,48.0,1,cubic,0
2026-07-13 02:11:53.297625,47804,5202,10,101,0,,2,cubic,0
2026-07-13 02:11:53.297625,47182,5202,10,51,0,,2,cubic,0
2026-07-13 02:11:53.297625,46270,5202,98,400086,0,,1,cubic,0
2026-07-13 02:11:53.297625,44646,5202,69,38,26,51.0,1,cubic,0
2026-07-13 02:11:53.297625,45118,5202,10,58,0,,2,cubic,0
2026-07-13 02:11:53.297625,47556,5202,10,200530,0,,2,cubic,0
2026-07-13 02:11:53.297625,47814,5202,66,36,21,49.0,1,cubic,0
2026-07-13 02:11:53.297625,45542,5202,10,433,0,,2,cubic,0
2026-07-13 02:11:53.297625,47562,5202,10,38,0,,0,cubic,0
2026-07-13 02:11:53.297625,44634,5202,10,123,0,,2,cubic,0
2026-07-13 02:11:53.297625,45750,5202,10,44,0,,2,cubic,0
2026-07-13 02:11:53.297625,47198,5202,55,69,50,52.0,1,cubic,0
2026-07-13 02:11:53.297625,48256,5202,10,51,0,,2,cubic,0
2026-07-13 02:11:53.297625,45128,5202,2,31,14899,4.0,4,cubic,3
2026-07-13 02:11:53.297625,46260,5202,10,400419,0,,2,cubic,0
2026-07-13 02:11:53.297625,47696,5202,10,625,1,,2,cubic,0
2026-07-13 02:11:53.297625,46144,5202,10,1000272,0,,2,cubic,0
2026-07-13 02:11:53.297625,45556,5202,86,44,21,64.0,1,cubic,0
2026-07-13 02:11:53.297625,48258,5202,92,47,16,69.0,1,cubic,0
2026-07-13 02:11:53.297625,47574,5202,65,22,20,48.0,5,cubic,0
2026-07-13 02:11:53.297625,46296,5202,10,200407,0,,2,cubic,0
2026-07-13 02:11:54.326887,46150,5202,99,1007649,0,,1,cubic,0
2026-07-13 02:11:54.326887,47702,5202,7,101,14170,7.0,1,cubic,0
2026-07-13 02:11:54.326887,46300,5202,133,200202,0,,1,cubic,0
2026-07-13 02:11:54.326887,47560,5202,133,205685,0,,1,cubic,0
2026-07-13 02:11:54.326887,45766,5202,66,27,68,48.0,1,cubic,0
2026-07-13 02:11:54.326887,47804,5202,10,101,0,,2,cubic,0
2026-07-13 02:11:54.326887,47182,5202,10,51,0,,2,cubic,0
2026-07-13 02:11:54.326887,46270,5202,98,400086,0,,1,cubic,0
2026-07-13 02:11:54.326887,44646,5202,69,38,26,51.0,1,cubic,0
2026-07-13 02:11:54.326887,45118,5202,10,58,0,,2,cubic,0
2026-07-13 02:11:54.326887,47556,5202,10,200530,0,,2,cubic,0
2026-07-13 02:11:54.326887,47814,5202,66,36,21,49.0,1,cubic,0
2026-07-13 02:11:54.326887,45542,5202,10,433,0,,2,cubic,0
2026-07-13 02:11:54.326887,47562,5202,10,38,0,,0,cubic,0
2026-07-13 02:11:54.326887,44634,5202,10,123,0,,2,cubic,0
2026-07-13 02:11:54.326887,45750,5202,10,44,0,,2,cubic,0
2026-07-13 02:11:54.326887,47198,5202,55,69,50,52.0,1,cubic,0
2026-07-13 02:11:54.326887,48256,5202,10,51,0,,2,cubic,0
2026-07-13 02:11:54.326887,45128,5202,2,31,14899,4.0,4,cubic,3
2026-07-13 02:11:54.326887,46260,5202,10,400419,0,,2,cubic,0
2026-07-13 02:11:54.326887,47696,5202,10,625,1,,2,cubic,0
2026-07-13 02:11:54.326887,46144,5202,10,1000272,0,,2,cubic,0
2026-07-13 02:11:54.326887,45556,5202,86,44,21,64.0,1,cubic,0
2026-07-13 02:11:54.326887,48258,5202,92,47,16,69.0,1,cubic,0
2026-07-13 02:11:54.326887,47574,5202,65,29,21,48.0,5,cubic,0
2026-07-13 02:11:54.326887,46296,5202,10,200407,0,,2,cubic,0
2026-07-13 02:11:55.355076,46150,5202,99,1007649,0,,1,cubic,0
2026-07-13 02:11:55.355076,47702,5202,7,101,14170,7.0,1,cubic,0
2026-07-13 02:11:55.355076,46300,5202,133,200202,0,,1,cubic,0
2026-07-13 02:11:55.355076,47560,5202,133,205685,0,,1,cubic,0
2026-07-13 02:11:55.355076,45766,5202,66,27,68,48.0,1,cubic,0
2026-07-13 02:11:55.355076,47804,5202,10,101,0,,2,cubic,0
2026-07-13 02:11:55.355076,47182,5202,10,51,0,,2,cubic,0
2026-07-13 02:11:55.355076,46270,5202,98,400086,0,,1,cubic,0
2026-07-13 02:11:55.355076,44646,5202,69,38,26,51.0,1,cubic,0
2026-07-13 02:11:55.355076,45118,5202,10,58,0,,2,cubic,0
2026-07-13 02:11:55.355076,47556,5202,10,200530,0,,2,cubic,0
2026-07-13 02:11:55.355076,47814,5202,66,36,21,49.0,1,cubic,0
2026-07-13 02:11:55.355076,45542,5202,10,433,0,,2,cubic,0
2026-07-13 02:11:55.355076,47562,5202,10,38,0,,0,cubic,0
2026-07-13 02:11:55.355076,44634,5202,10,123,0,,2,cubic,0
2026-07-13 02:11:55.355076,45750,5202,10,44,0,,2,cubic,0
2026-07-13 02:11:55.355076,47198,5202,55,69,50,52.0,1,cubic,0
2026-07-13 02:11:55.355076,48256,5202,10,51,0,,2,cubic,0
2026-07-13 02:11:55.355076,45128,5202,2,31,14899,4.0,4,cubic,3
2026-07-13 02:11:55.355076,46260,5202,10,400419,0,,2,cubic,0
2026-07-13 02:11:55.355076,47696,5202,10,625,1,,2,cubic,0
2026-07-13 02:11:55.355076,46144,5202,10,1000272,0,,2,cubic,0
2026-07-13 02:11:55.355076,45556,5202,86,44,21,64.0,1,cubic,0
2026-07-13 02:11:55.355076,48258,5202,92,47,16,69.0,1,cubic,0
2026-07-13 02:11:55.355076,47574,5202,65,39,21,48.0,6,cubic,0
2026-07-13 02:11:55.355076,46296,5202,10,200407,0,,2,cubic,0
2026-07-13 02:11:56.383022,46150,5202,99,1007649,0,,1,cubic,0
2026-07-13 02:11:56.383022,47702,5202,7,101,14170,7.0,1,cubic,0
2026-07-13 02:11:56.383022,46300,5202,133,200202,0,,1,cubic,0
2026-07-13 02:11:56.383022,47560,5202,133,205685,0,,1,cubic,0
2026-07-13 02:11:56.383022,45766,5202,66,27,68,48.0,1,cubic,0
2026-07-13 02:11:56.383022,47804,5202,10,101,0,,2,cubic,0
2026-07-13 02:11:56.383022,47182,5202,10,51,0,,2,cubic,0
2026-07-13 02:11:56.383022,46270,5202,98,400086,0,,1,cubic,0
2026-07-13 02:11:56.383022,44646,5202,69,38,26,51.0,1,cubic,0
2026-07-13 02:11:56.383022,45118,5202,10,58,0,,2,cubic,0
2026-07-13 02:11:56.383022,47556,5202,10,200530,0,,2,cubic,0
2026-07-13 02:11:56.383022,47814,5202,66,36,21,49.0,1,cubic,0
2026-07-13 02:11:56.383022,45542,5202,10,433,0,,2,cubic,0
2026-07-13 02:11:56.383022,47562,5202,10,38,0,,0,cubic,0
2026-07-13 02:11:56.383022,44634,5202,10,123,0,,2,cubic,0
2026-07-13 02:11:56.383022,45750,5202,10,44,0,,2,cubic,0
2026-07-13 02:11:56.383022,47198,5202,55,69,50,52.0,1,cubic,0
2026-07-13 02:11:56.383022,48256,5202,10,51,0,,2,cubic,0
2026-07-13 02:11:56.383022,45128,5202,2,31,14899,4.0,4,cubic,3
2026-07-13 02:11:56.383022,46260,5202,10,400419,0,,2,cubic,0
2026-07-13 02:11:56.383022,47696,5202,10,625,1,,2,cubic,0
2026-07-13 02:11:56.383022,46144,5202,10,1000272,0,,2,cubic,0
2026-07-13 02:11:56.383022,45556,5202,86,44,21,64.0,1,cubic,0
2026-07-13 02:11:56.383022,48258,5202,92,47,16,69.0,1,cubic,0
2026-07-13 02:11:56.383022,47574,5202,65,28,22,48.0,5,cubic,0
2026-07-13 02:11:56.383022,46296,5202,10,200407,0,,2,cubic,0
2026-07-13 02:11:57.411727,46150,5202,99,1007649,0,,1,cubic,0
2026-07-13 02:11:57.411727,47702,5202,7,101,14170,7.0,1,cubic,0
2026-07-13 02:11:57.411727,46300,5202,133,200202,0,,1,cubic,0
2026-07-13 02:11:57.411727,47560,5202,133,205685,0,,1,cubic,0
2026-07-13 02:11:57.411727,45766,5202,66,27,68,48.0,1,cubic,0
2026-07-13 02:11:57.411727,47804,5202,10,101,0,,2,cubic,0
2026-07-13 02:11:57.411727,47182,5202,10,51,0,,2,cubic,0
2026-07-13 02:11:57.411727,46270,5202,98,400086,0,,1,cubic,0
2026-07-13 02:11:57.411727,44646,5202,69,38,26,51.0,1,cubic,0
2026-07-13 02:11:57.411727,45118,5202,10,58,0,,2,cubic,0
2026-07-13 02:11:57.411727,47556,5202,10,200530,0,,2,cubic,0
2026-07-13 02:11:57.411727,47814,5202,66,36,21,49.0,1,cubic,0
2026-07-13 02:11:57.411727,45542,5202,10,433,0,,2,cubic,0
2026-07-13 02:11:57.411727,47562,5202,10,38,0,,0,cubic,0
2026-07-13 02:11:57.411727,44634,5202,10,123,0,,2,cubic,0
2026-07-13 02:11:57.411727,45750,5202,10,44,0,,2,cubic,0
2026-07-13 02:11:57.411727,47198,5202,55,69,50,52.0,1,cubic,0
2026-07-13 02:11:57.411727,48256,5202,10,51,0,,2,cubic,0
2026-07-13 02:11:57.411727,45128,5202,2,31,14899,4.0,4,cubic,3
2026-07-13 02:11:57.411727,46260,5202,10,400419,0,,2,cubic,0
2026-07-13 02:11:57.411727,47696,5202,10,625,1,,2,cubic,0
2026-07-13 02:11:57.411727,46144,5202,10,1000272,0,,2,cubic,0
2026-07-13 02:11:57.411727,45556,5202,86,44,21,64.0,1,cubic,0
2026-07-13 02:11:57.411727,48258,5202,92,47,16,69.0,1,cubic,0
2026-07-13 02:11:57.411727,47574,5202,65,29,22,48.0,5,cubic,0
2026-07-13 02:11:57.411727,46296,5202,10,200407,0,,2,cubic,0
2026-07-13 02:11:58.444160,46150,5202,99,1007649,0,,1,cubic,0
2026-07-13 02:11:58.444160,47702,5202,7,101,14170,7.0,1,cubic,0
2026-07-13 02:11:58.444160,46300,5202,133,200202,0,,1,cubic,0
2026-07-13 02:11:58.444160,47560,5202,133,205685,0,,1,cubic,0
2026-07-13 02:11:58.444160,45766,5202,66,27,68,48.0,1,cubic,0
2026-07-13 02:11:58.444160,47804,5202,10,101,0,,2,cubic,0
2026-07-13 02:11:58.444160,47182,5202,10,51,0,,2,cubic,0
2026-07-13 02:11:58.444160,46270,5202,98,400086,0,,1,cubic,0
2026-07-13 02:11:58.444160,44646,5202,69,38,26,51.0,1,cubic,0
2026-07-13 02:11:58.444160,45118,5202,10,58,0,,2,cubic,0
2026-07-13 02:11:58.444160,47556,5202,10,200530,0,,2,cubic,0
2026-07-13 02:11:58.444160,47814,5202,66,36,21,49.0,1,cubic,0
2026-07-13 02:11:58.444160,45542,5202,10,433,0,,2,cubic,0
2026-07-13 02:11:58.444160,47562,5202,10,38,0,,0,cubic,0
2026-07-13 02:11:58.444160,44634,5202,10,123,0,,2,cubic,0
2026-07-13 02:11:58.444160,45750,5202,10,44,0,,2,cubic,0
2026-07-13 02:11:58.444160,47198,5202,55,69,50,52.0,1,cubic,0
2026-07-13 02:11:58.444160,48256,5202,10,51,0,,2,cubic,0
2026-07-13 02:11:58.444160,45128,5202,2,31,14899,4.0,4,cubic,3
2026-07-13 02:11:58.444160,46260,5202,10,400419,0,,2,cubic,0
2026-07-13 02:11:58.444160,47696,5202,10,625,1,,2,cubic,0
2026-07-13 02:11:58.444160,46144,5202,10,1000272,0,,2,cubic,0
2026-07-13 02:11:58.444160,45556,5202,86,44,21,64.0,1,cubic,0
2026-07-13 02:11:58.444160,48258,5202,92,47,16,69.0,1,cubic,0
2026-07-13 02:11:58.444160,47574,5202,65,47,22,48.0,4,cubic,0
2026-07-13 02:11:58.444160,46296,5202,10,200407,0,,2,cubic,0
2026-07-13 02:11:59.474071,46150,5202,99,1007649,0,,1,cubic,0
2026-07-13 02:11:59.474071,47702,5202,7,101,14170,7.0,1,cubic,0
2026-07-13 02:11:59.474071,46300,5202,133,200202,0,,1,cubic,0
2026-07-13 02:11:59.474071,47560,5202,133,205685,0,,1,cubic,0
2026-07-13 02:11:59.474071,45766,5202,66,27,68,48.0,1,cubic,0
2026-07-13 02:11:59.474071,47804,5202,10,101,0,,2,cubic,0
2026-07-13 02:11:59.474071,47182,5202,10,51,0,,2,cubic,0
2026-07-13 02:11:59.474071,46270,5202,98,400086,0,,1,cubic,0
2026-07-13 02:11:59.474071,44646,5202,69,38,26,51.0,1,cubic,0
2026-07-13 02:11:59.474071,45118,5202,10,58,0,,2,cubic,0
2026-07-13 02:11:59.474071,47556,5202,10,200530,0,,2,cubic,0
2026-07-13 02:11:59.474071,47814,5202,66,36,21,49.0,1,cubic,0
2026-07-13 02:11:59.474071,45542,5202,10,433,0,,2,cubic,0
2026-07-13 02:11:59.474071,47562,5202,10,38,0,,0,cubic,0
2026-07-13 02:11:59.474071,44634,5202,10,123,0,,2,cubic,0
2026-07-13 02:11:59.474071,45750,5202,10,44,0,,2,cubic,0
2026-07-13 02:11:59.474071,47198,5202,55,69,50,52.0,1,cubic,0
2026-07-13 02:11:59.474071,48256,5202,10,51,0,,2,cubic,0
2026-07-13 02:11:59.474071,45128,5202,2,31,14899,4.0,4,cubic,3
2026-07-13 02:11:59.474071,46260,5202,10,400419,0,,2,cubic,0
2026-07-13 02:11:59.474071,47696,5202,10,625,1,,2,cubic,0
2026-07-13 02:11:59.474071,46144,5202,10,1000272,0,,2,cubic,0
2026-07-13 02:11:59.474071,45556,5202,86,44,21,64.0,1,cubic,0
2026-07-13 02:11:59.474071,48258,5202,92,47,16,69.0,1,cubic,0
2026-07-13 02:11:59.474071,47574,5202,65,27,22,48.0,5,cubic,0
2026-07-13 02:11:59.474071,46296,5202,10,200407,0,,2,cubic,0
2026-07-13 02:12:00.504430,46150,5202,99,1007649,0,,1,cubic,0
2026-07-13 02:12:00.504430,47702,5202,7,101,14170,7.0,1,cubic,0
2026-07-13 02:12:00.504430,46300,5202,133,200202,0,,1,cubic,0
2026-07-13 02:12:00.504430,47560,5202,133,205685,0,,1,cubic,0
2026-07-13 02:12:00.504430,45766,5202,66,27,68,48.0,1,cubic,0
2026-07-13 02:12:00.504430,47804,5202,10,101,0,,2,cubic,0
2026-07-13 02:12:00.504430,47182,5202,10,51,0,,2,cubic,0
2026-07-13 02:12:00.504430,46270,5202,98,400086,0,,1,cubic,0
2026-07-13 02:12:00.504430,44646,5202,69,38,26,51.0,1,cubic,0
2026-07-13 02:12:00.504430,45118,5202,10,58,0,,2,cubic,0
2026-07-13 02:12:00.504430,47556,5202,10,200530,0,,2,cubic,0
2026-07-13 02:12:00.504430,47814,5202,66,36,21,49.0,1,cubic,0
2026-07-13 02:12:00.504430,45542,5202,10,433,0,,2,cubic,0
2026-07-13 02:12:00.504430,47562,5202,10,38,0,,0,cubic,0
2026-07-13 02:12:00.504430,44634,5202,10,123,0,,2,cubic,0
2026-07-13 02:12:00.504430,45750,5202,10,44,0,,2,cubic,0
2026-07-13 02:12:00.504430,47198,5202,55,69,50,52.0,1,cubic,0
2026-07-13 02:12:00.504430,48256,5202,10,51,0,,2,cubic,0
2026-07-13 02:12:00.504430,45128,5202,2,31,14899,4.0,4,cubic,3
2026-07-13 02:12:00.504430,46260,5202,10,400419,0,,2,cubic,0
2026-07-13 02:12:00.504430,47696,5202,10,625,1,,2,cubic,0
2026-07-13 02:12:00.504430,46144,5202,10,1000272,0,,2,cubic,0
2026-07-13 02:12:00.504430,45556,5202,86,44,21,64.0,1,cubic,0
2026-07-13 02:12:00.504430,48258,5202,92,47,16,69.0,1,cubic,0
2026-07-13 02:12:00.504430,47574,5202,99,33,22,48.0,5,cubic,0
2026-07-13 02:12:00.504430,46296,5202,10,200407,0,,2,cubic,0
2026-07-13 02:12:01.539073,46150,5202,99,1007649,0,,1,cubic,0
2026-07-13 02:12:01.539073,47702,5202,7,101,14170,7.0,1,cubic,0
2026-07-13 02:12:01.539073,46300,5202,133,200202,0,,1,cubic,0
2026-07-13 02:12:01.539073,47560,5202,133,205685,0,,1,cubic,0
2026-07-13 02:12:01.539073,45766,5202,66,27,68,48.0,1,cubic,0
2026-07-13 02:12:01.539073,47804,5202,10,101,0,,2,cubic,0
2026-07-13 02:12:01.539073,47182,5202,10,51,0,,2,cubic,0
2026-07-13 02:12:01.539073,46270,5202,98,400086,0,,1,cubic,0
2026-07-13 02:12:01.539073,44646,5202,69,38,26,51.0,1,cubic,0
2026-07-13 02:12:01.539073,45118,5202,10,58,0,,2,cubic,0
2026-07-13 02:12:01.539073,47556,5202,10,200530,0,,2,cubic,0
2026-07-13 02:12:01.539073,47814,5202,66,36,21,49.0,1,cubic,0
2026-07-13 02:12:01.539073,45542,5202,10,433,0,,2,cubic,0
2026-07-13 02:12:01.539073,47562,5202,10,38,0,,0,cubic,0
2026-07-13 02:12:01.539073,44634,5202,10,123,0,,2,cubic,0
2026-07-13 02:12:01.539073,45750,5202,10,44,0,,2,cubic,0
2026-07-13 02:12:01.539073,47198,5202,55,69,50,52.0,1,cubic,0
2026-07-13 02:12:01.539073,48256,5202,10,51,0,,2,cubic,0
2026-07-13 02:12:01.539073,45128,5202,2,31,14899,4.0,4,cubic,3
2026-07-13 02:12:01.539073,46260,5202,10,400419,0,,2,cubic,0
2026-07-13 02:12:01.539073,47696,5202,10,625,1,,2,cubic,0
2026-07-13 02:12:01.539073,46144,5202,10,1000272,0,,2,cubic,0
2026-07-13 02:12:01.539073,45556,5202,86,44,21,64.0,1,cubic,0
2026-07-13 02:12:01.539073,48258,5202,92,47,16,69.0,1,cubic,0
2026-07-13 02:12:01.539073,47574,5202,99,38,22,48.0,4,cubic,0
2026-07-13 02:12:01.539073,46296,5202,10,200407,0,,2,cubic,0
2026-07-13 02:12:06.159296,46150,5202,99,1007649,0,,1,cubic,0
2026-07-13 02:12:06.159296,47702,5202,7,101,14170,7.0,1,cubic,0
2026-07-13 02:12:06.159296,46300,5202,133,200202,0,,1,cubic,0
2026-07-13 02:12:06.159296,47560,5202,133,205685,0,,1,cubic,0
2026-07-13 02:12:06.159296,45766,5202,66,27,68,48.0,1,cubic,0
2026-07-13 02:12:06.159296,47804,5202,10,101,0,,2,cubic,0
2026-07-13 02:12:06.159296,47182,5202,10,51,0,,2,cubic,0
2026-07-13 02:12:06.159296,46270,5202,98,400086,0,,1,cubic,0
2026-07-13 02:12:06.159296,44646,5202,69,38,26,51.0,1,cubic,0
2026-07-13 02:12:06.159296,45118,5202,10,58,0,,2,cubic,0
2026-07-13 02:12:06.159296,47556,5202,10,200530,0,,2,cubic,0
2026-07-13 02:12:06.159296,47814,5202,66,36,21,49.0,1,cubic,0
2026-07-13 02:12:06.159296,45542,5202,10,433,0,,2,cubic,0
2026-07-13 02:12:06.159296,47562,5202,10,38,0,,0,cubic,0
2026-07-13 02:12:06.159296,44634,5202,10,123,0,,2,cubic,0
2026-07-13 02:12:06.159296,45750,5202,10,44,0,,2,cubic,0
2026-07-13 02:12:06.159296,47198,5202,55,69,50,52.0,1,cubic,0
2026-07-13 02:12:06.159296,48256,5202,10,51,0,,2,cubic,0
2026-07-13 02:12:06.159296,45128,5202,2,31,14899,4.0,4,cubic,3
2026-07-13 02:12:06.159296,46260,5202,10,400419,0,,2,cubic,0
2026-07-13 02:12:06.159296,47696,5202,10,625,1,,2,cubic,0
2026-07-13 02:12:06.159296,46144,5202,10,1000272,0,,2,cubic,0
2026-07-13 02:12:06.159296,45556,5202,86,44,21,64.0,1,cubic,0
2026-07-13 02:12:06.159296,48258,5202,92,47,16,69.0,1,cubic,0
2026-07-13 02:12:06.159296,47574,5202,99,43,22,48.0,5,cubic,0
2026-07-13 02:12:06.159296,46296,5202,10,200407,0,,2,cubic,0
2026-07-13 02:12:07.189226,46150,5202,99,1007649,0,,1,cubic,0
2026-07-13 02:12:07.189226,47702,5202,7,101,14170,7.0,1,cubic,0
2026-07-13 02:12:07.189226,46300,5202,133,200202,0,,1,cubic,0
2026-07-13 02:12:07.189226,47560,5202,133,205685,0,,1,cubic,0
2026-07-13 02:12:07.189226,45766,5202,66,27,68,48.0,1,cubic,0
2026-07-13 02:12:07.189226,47804,5202,10,101,0,,2,cubic,0
2026-07-13 02:12:07.189226,47182,5202,10,51,0,,2,cubic,0
2026-07-13 02:12:07.189226,46270,5202,98,400086,0,,1,cubic,0
2026-07-13 02:12:07.189226,44646,5202,69,38,26,51.0,1,cubic,0
2026-07-13 02:12:07.189226,45118,5202,10,58,0,,2,cubic,0
2026-07-13 02:12:07.189226,47556,5202,10,200530,0,,2,cubic,0
2026-07-13 02:12:07.189226,47814,5202,66,36,21,49.0,1,cubic,0
2026-07-13 02:12:07.189226,45542,5202,10,433,0,,2,cubic,0
2026-07-13 02:12:07.189226,47562,5202,10,38,0,,0,cubic,0
2026-07-13 02:12:07.189226,44634,5202,10,123,0,,2,cubic,0
2026-07-13 02:12:07.189226,45750,5202,10,44,0,,2,cubic,0
2026-07-13 02:12:07.189226,47198,5202,55,69,50,52.0,1,cubic,0
2026-07-13 02:12:07.189226,48256,5202,10,51,0,,2,cubic,0
2026-07-13 02:12:07.189226,45128,5202,2,31,14899,4.0,4,cubic,3
2026-07-13 02:12:07.189226,46260,5202,10,400419,0,,2,cubic,0
2026-07-13 02:12:07.189226,47696,5202,10,625,1,,2,cubic,0
2026-07-13 02:12:07.189226,46144,5202,10,1000272,0,,2,cubic,0
2026-07-13 02:12:07.189226,45556,5202,86,44,21,64.0,1,cubic,0
2026-07-13 02:12:07.189226,48258,5202,92,47,16,69.0,1,cubic,0
2026-07-13 02:12:07.189226,47574,5202,99,24,22,48.0,4,cubic,0
2026-07-13 02:12:07.189226,46296,5202,10,200407,0,,2,cubic,0
2026-07-13 02:12:08.221396,46150,5202,99,1007649,0,,1,cubic,0
2026-07-13 02:12:08.221396,47702,5202,7,101,14170,7.0,1,cubic,0
2026-07-13 02:12:08.221396,46300,5202,133,200202,0,,1,cubic,0
2026-07-13 02:12:08.221396,47560,5202,133,205685,0,,1,cubic,0
2026-07-13 02:12:08.221396,45766,5202,66,27,68,48.0,1,cubic,0
2026-07-13 02:12:08.221396,47804,5202,10,101,0,,2,cubic,0
2026-07-13 02:12:08.221396,47182,5202,10,51,0,,2,cubic,0
2026-07-13 02:12:08.221396,46270,5202,98,400086,0,,1,cubic,0
2026-07-13 02:12:08.221396,44646,5202,69,38,26,51.0,1,cubic,0
2026-07-13 02:12:08.221396,45118,5202,10,58,0,,2,cubic,0
2026-07-13 02:12:08.221396,47556,5202,10,200530,0,,2,cubic,0
2026-07-13 02:12:08.221396,47814,5202,66,36,21,49.0,1,cubic,0
2026-07-13 02:12:08.221396,45542,5202,10,433,0,,2,cubic,0
2026-07-13 02:12:08.221396,47562,5202,10,38,0,,0,cubic,0
2026-07-13 02:12:08.221396,44634,5202,10,123,0,,2,cubic,0
2026-07-13 02:12:08.221396,45750,5202,10,44,0,,2,cubic,0
2026-07-13 02:12:08.221396,47198,5202,55,69,50,52.0,1,cubic,0
2026-07-13 02:12:08.221396,48256,5202,10,51,0,,2,cubic,0
2026-07-13 02:12:08.221396,45128,5202,2,31,14899,4.0,4,cubic,3
2026-07-13 02:12:08.221396,46260,5202,10,400419,0,,2,cubic,0
2026-07-13 02:12:08.221396,47696,5202,10,625,1,,2,cubic,0
2026-07-13 02:12:08.221396,46144,5202,10,1000272,0,,2,cubic,0
2026-07-13 02:12:08.221396,45556,5202,86,44,21,64.0,1,cubic,0
2026-07-13 02:12:08.221396,48258,5202,92,47,16,69.0,1,cubic,0
2026-07-13 02:12:08.221396,47574,5202,99,37,24,73.0,5,cubic,0
2026-07-13 02:12:08.221396,46296,5202,10,200407,0,,2,cubic,0
2026-07-13 02:12:09.249110,46150,5202,99,1007649,0,,1,cubic,0
2026-07-13 02:12:09.249110,47702,5202,7,101,14170,7.0,1,cubic,0
2026-07-13 02:12:09.249110,46300,5202,133,200202,0,,1,cubic,0
2026-07-13 02:12:09.249110,47560,5202,133,205685,0,,1,cubic,0
2026-07-13 02:12:09.249110,45766,5202,66,27,68,48.0,1,cubic,0
2026-07-13 02:12:09.249110,47804,5202,10,101,0,,2,cubic,0
2026-07-13 02:12:09.249110,47182,5202,10,51,0,,2,cubic,0
2026-07-13 02:12:09.249110,46270,5202,98,400086,0,,1,cubic,0
2026-07-13 02:12:09.249110,44646,5202,69,38,26,51.0,1,cubic,0
2026-07-13 02:12:09.249110,45118,5202,10,58,0,,2,cubic,0
2026-07-13 02:12:09.249110,47556,5202,10,200530,0,,2,cubic,0
2026-07-13 02:12:09.249110,47814,5202,66,36,21,49.0,1,cubic,0
2026-07-13 02:12:09.249110,45542,5202,10,433,0,,2,cubic,0
2026-07-13 02:12:09.249110,47562,5202,10,38,0,,0,cubic,0
2026-07-13 02:12:09.249110,44634,5202,10,123,0,,2,cubic,0
2026-07-13 02:12:09.249110,45750,5202,10,44,0,,2,cubic,0
2026-07-13 02:12:09.249110,47198,5202,55,69,50,52.0,1,cubic,0
2026-07-13 02:12:09.249110,48256,5202,10,51,0,,2,cubic,0
2026-07-13 02:12:09.249110,45128,5202,2,31,14899,4.0,4,cubic,3
2026-07-13 02:12:09.249110,46260,5202,10,400419,0,,2,cubic,0
2026-07-13 02:12:09.249110,47696,5202,10,625,1,,2,cubic,0
2026-07-13 02:12:09.249110,46144,5202,10,1000272,0,,2,cubic,0
2026-07-13 02:12:09.249110,45556,5202,86,44,21,64.0,1,cubic,0
2026-07-13 02:12:09.249110,48258,5202,92,47,16,69.0,1,cubic,0
2026-07-13 02:12:09.249110,47574,5202,99,27,24,73.0,5,cubic,0
2026-07-13 02:12:09.249110,46296,5202,10,200407,0,,2,cubic,0
2026-07-13 02:12:10.277639,46150,5202,99,1007649,0,,1,cubic,0
2026-07-13 02:12:10.277639,47702,5202,7,101,14170,7.0,1,cubic,0
2026-07-13 02:12:10.277639,46300,5202,133,200202,0,,1,cubic,0
2026-07-13 02:12:10.277639,47560,5202,133,205685,0,,1,cubic,0
2026-07-13 02:12:10.277639,45766,5202,66,27,68,48.0,1,cubic,0
2026-07-13 02:12:10.277639,47804,5202,10,101,0,,2,cubic,0
2026-07-13 02:12:10.277639,47182,5202,10,51,0,,2,cubic,0
2026-07-13 02:12:10.277639,46270,5202,98,400086,0,,1,cubic,0
2026-07-13 02:12:10.277639,44646,5202,69,38,26,51.0,1,cubic,0
2026-07-13 02:12:10.277639,45118,5202,10,58,0,,2,cubic,0
2026-07-13 02:12:10.277639,47556,5202,10,200530,0,,2,cubic,0
2026-07-13 02:12:10.277639,47814,5202,66,36,21,49.0,1,cubic,0
2026-07-13 02:12:10.277639,45542,5202,10,433,0,,2,cubic,0
2026-07-13 02:12:10.277639,47562,5202,10,38,0,,0,cubic,0
2026-07-13 02:12:10.277639,44634,5202,10,123,0,,2,cubic,0
2026-07-13 02:12:10.277639,45750,5202,10,44,0,,2,cubic,0
2026-07-13 02:12:10.277639,47198,5202,55,69,50,52.0,1,cubic,0
2026-07-13 02:12:10.277639,48256,5202,10,51,0,,2,cubic,0
2026-07-13 02:12:10.277639,45128,5202,2,31,14899,4.0,4,cubic,3
2026-07-13 02:12:10.277639,46260,5202,10,400419,0,,2,cubic,0
2026-07-13 02:12:10.277639,47696,5202,10,625,1,,2,cubic,0
2026-07-13 02:12:10.277639,46144,5202,10,1000272,0,,2,cubic,0
2026-07-13 02:12:10.277639,45556,5202,86,44,21,64.0,1,cubic,0
2026-07-13 02:12:10.277639,48258,5202,92,47,16,69.0,1,cubic,0
2026-07-13 02:12:10.277639,47574,5202,99,23,25,73.0,5,cubic,0
2026-07-13 02:12:10.277639,46296,5202,10,200407,0,,2,cubic,0
2026-07-13 02:12:11.306729,46150,5202,99,1007649,0,,1,cubic,0
2026-07-13 02:12:11.306729,47702,5202,7,101,14170,7.0,1,cubic,0
2026-07-13 02:12:11.306729,46300,5202,133,200202,0,,1,cubic,0
2026-07-13 02:12:11.306729,47560,5202,133,205685,0,,1,cubic,0
2026-07-13 02:12:11.306729,45766,5202,66,27,68,48.0,1,cubic,0
2026-07-13 02:12:11.306729,47804,5202,10,101,0,,2,cubic,0
2026-07-13 02:12:11.306729,47182,5202,10,51,0,,2,cubic,0
2026-07-13 02:12:11.306729,46270,5202,98,400086,0,,1,cubic,0
2026-07-13 02:12:11.306729,44646,5202,69,38,26,51.0,1,cubic,0
2026-07-13 02:12:11.306729,45118,5202,10,58,0,,2,cubic,0
2026-07-13 02:12:11.306729,47556,5202,10,200530,0,,2,cubic,0
2026-07-13 02:12:11.306729,47814,5202,66,36,21,49.0,1,cubic,0
2026-07-13 02:12:11.306729,45542,5202,10,433,0,,2,cubic,0
2026-07-13 02:12:11.306729,47562,5202,10,38,0,,0,cubic,0
2026-07-13 02:12:11.306729,44634,5202,10,123,0,,2,cubic,0
2026-07-13 02:12:11.306729,45750,5202,10,44,0,,2,cubic,0
2026-07-13 02:12:11.306729,47198,5202,55,69,50,52.0,1,cubic,0
2026-07-13 02:12:11.306729,48256,5202,10,51,0,,2,cubic,0
2026-07-13 02:12:11.306729,45128,5202,2,31,14899,4.0,4,cubic,3
2026-07-13 02:12:11.306729,46260,5202,10,400419,0,,2,cubic,0
2026-07-13 02:12:11.306729,47696,5202,10,625,1,,2,cubic,0
2026-07-13 02:12:11.306729,46144,5202,10,1000272,0,,2,cubic,0
2026-07-13 02:12:11.306729,45556,5202,86,44,21,64.0,1,cubic,0
2026-07-13 02:12:11.306729,48258,5202,92,47,16,69.0,1,cubic,0
2026-07-13 02:12:11.306729,47574,5202,99,29,25,73.0,6,cubic,0
2026-07-13 02:12:11.306729,46296,5202,10,200407,0,,2,cubic,0
